id,en,ar,it,es,fr,de
2,Accounting/Finance,Accounting/Finance,Accounting/Finance,Accounting/Finance,Accounting/Finance,Accounting/Finance
3,Advertising/Public Relations,Advertising/Public Relations,Advertising/Public Relations,Advertising/Public Relations,Advertising/Public Relations,Advertising/Public Relations
4,Aerospace/Aviation,Aerospace/Aviation,Aerospace/Aviation,Aerospace/Aviation,Aerospace/Aviation,Aerospace/Aviation
5,Arts/Entertainment/Publishing,Arts/Entertainment/Publishing,Arts/Entertainment/Publishing,Arts/Entertainment/Publishing,Arts/Entertainment/Publishing,Arts/Entertainment/Publishing
6,Automotive,Automotive,Automotive,Automotive,Automotive,Automotive
7,Banking/Mortgage,Banking/Mortgage,Banking/Mortgage,Banking/Mortgage,Banking/Mortgage,Banking/Mortgage
8,Business Development,Business Development,Business Development,Business Development,Business Development,Business Development
9,Business Opportunity,Business Opportunity,Business Opportunity,Business Opportunity,Business Opportunity,Business Opportunity
2,a,s,f,d,r,d
